{"ts":1762298120991,"model":{"beta":[-0.883252218493304,3.58502684742221,-1.9885557943696242,-5.940559397516555,-1.3861305260362098,0.9054441562462472,-0.03544186018688911,0.351992492121207,-7.621858364001014],"featureNames":["prevAQI","pm25","pm10","no2","co","temp","wind","humidity","intercept"],"useDelta":true,"trainedAt":1762298120991,"rows":73}}