{"ts":1762294302787,"model":{"beta":[-0.9215241241929893,0.5120253708063377,0.9764134534700286,0.036172277256532756,-0.0329522869903742,6.3517445559305905],"featureNames":["prevAQI","pm25","pm10","no2","co","intercept"],"useDelta":true,"trainedAt":1762294302787,"rows":73}}